{"trial_id": "0", "hyperparameters": {"space": [{"class_name": "Int", "config": {"name": "filters_1", "default": null, "conditions": [], "min_value": 32, "max_value": 128, "step": 32, "sampling": "linear"}}, {"class_name": "Int", "config": {"name": "filters_2", "default": null, "conditions": [], "min_value": 32, "max_value": 128, "step": 32, "sampling": "linear"}}, {"class_name": "Int", "config": {"name": "filters_3", "default": null, "conditions": [], "min_value": 32, "max_value": 128, "step": 32, "sampling": "linear"}}, {"class_name": "Int", "config": {"name": "units_1", "default": null, "conditions": [], "min_value": 64, "max_value": 256, "step": 64, "sampling": "linear"}}, {"class_name": "Int", "config": {"name": "units_2", "default": null, "conditions": [], "min_value": 32, "max_value": 128, "step": 32, "sampling": "linear"}}, {"class_name": "Choice", "config": {"name": "learning_rate", "default": 0.01, "conditions": [], "values": [0.01, 0.001, 0.0001], "ordered": true}}], "values": {"filters_1": 128, "filters_2": 96, "filters_3": 96, "units_1": 64, "units_2": 64, "learning_rate": 0.01}}, "metrics": {"metrics": {"accuracy": {"direction": "max", "observations": [{"value": [0.5938644806543986], "step": 3}]}, "loss": {"direction": "min", "observations": [{"value": [1.346166690190633], "step": 3}]}, "val_accuracy": {"direction": "max", "observations": [{"value": [0.6007326046625773], "step": 3}]}, "val_loss": {"direction": "min", "observations": [{"value": [4.275092840194702], "step": 3}]}}}, "score": 0.6007326046625773, "best_step": 3, "status": "COMPLETED", "message": null}