{"trial_id": "1", "hyperparameters": {"space": [{"class_name": "Int", "config": {"name": "filters_1", "default": null, "conditions": [], "min_value": 32, "max_value": 128, "step": 32, "sampling": "linear"}}, {"class_name": "Int", "config": {"name": "filters_2", "default": null, "conditions": [], "min_value": 32, "max_value": 128, "step": 32, "sampling": "linear"}}, {"class_name": "Int", "config": {"name": "filters_3", "default": null, "conditions": [], "min_value": 32, "max_value": 128, "step": 32, "sampling": "linear"}}, {"class_name": "Int", "config": {"name": "units_1", "default": null, "conditions": [], "min_value": 64, "max_value": 256, "step": 64, "sampling": "linear"}}, {"class_name": "Int", "config": {"name": "units_2", "default": null, "conditions": [], "min_value": 32, "max_value": 128, "step": 32, "sampling": "linear"}}, {"class_name": "Choice", "config": {"name": "learning_rate", "default": 0.01, "conditions": [], "values": [0.01, 0.001, 0.0001], "ordered": true}}], "values": {"filters_1": 64, "filters_2": 32, "filters_3": 32, "units_1": 128, "units_2": 32, "learning_rate": 0.001}}, "metrics": {"metrics": {"accuracy": {"direction": "max", "observations": [{"value": [0.5471611817677816], "step": 0}]}, "loss": {"direction": "min", "observations": [{"value": [1.6826419830322266], "step": 0}]}, "val_accuracy": {"direction": "max", "observations": [{"value": [0.6007326046625773], "step": 0}]}, "val_loss": {"direction": "min", "observations": [{"value": [1.5723007917404175], "step": 0}]}}}, "score": 0.6007326046625773, "best_step": 0, "status": "COMPLETED", "message": null}