{"ongoing_trials": {}, "hyperparameters": {"space": [{"class_name": "Int", "config": {"name": "filters_1", "default": null, "conditions": [], "min_value": 32, "max_value": 128, "step": 32, "sampling": "linear"}}, {"class_name": "Int", "config": {"name": "filters_2", "default": null, "conditions": [], "min_value": 32, "max_value": 128, "step": 32, "sampling": "linear"}}, {"class_name": "Int", "config": {"name": "filters_3", "default": null, "conditions": [], "min_value": 32, "max_value": 128, "step": 32, "sampling": "linear"}}, {"class_name": "Int", "config": {"name": "units_1", "default": null, "conditions": [], "min_value": 64, "max_value": 256, "step": 64, "sampling": "linear"}}, {"class_name": "Int", "config": {"name": "units_2", "default": null, "conditions": [], "min_value": 32, "max_value": 128, "step": 32, "sampling": "linear"}}, {"class_name": "Choice", "config": {"name": "learning_rate", "default": 0.01, "conditions": [], "values": [0.01, 0.001, 0.0001], "ordered": true}}], "values": {"filters_1": 32, "filters_2": 32, "filters_3": 32, "units_1": 64, "units_2": 32, "learning_rate": 0.01}}, "start_order": ["0", "1", "2", "3", "4"], "end_order": ["0", "1", "2", "3", "4"], "run_times": {"0": 1, "1": 1, "2": 1, "3": 1, "4": 1}, "retry_queue": [], "seed": 5880, "seed_state": 5910, "tried_so_far": ["6ee1663adc3ad8230369a1e6e6dfc631", "1bc31f53df38ea5c4fd2248f637a8780", "a4704081f522671754f6fd8c4e2a48b5", "d4f58e19b713b875644ea0e1c1643bbe", "1cd99be9f22c930bb416b1d2e97a96e9"], "id_to_hash": {"0": "1cd99be9f22c930bb416b1d2e97a96e9", "1": "1bc31f53df38ea5c4fd2248f637a8780", "2": "d4f58e19b713b875644ea0e1c1643bbe", "3": "a4704081f522671754f6fd8c4e2a48b5", "4": "6ee1663adc3ad8230369a1e6e6dfc631"}, "display": {"search_start": "2024-12-26T20:09:41.647911", "trial_start": {"0": "2024-12-26T20:09:41.647911", "1": "2024-12-26T20:09:50.807010", "2": "2024-12-26T20:09:57.605570", "3": "2024-12-26T20:10:05.809914", "4": "2024-12-26T20:10:13.693753"}, "trial_number": {"0": 1, "1": 2, "2": 3, "3": 4, "4": 5}}}