{"trial_id": "4", "hyperparameters": {"space": [{"class_name": "Int", "config": {"name": "filters_1", "default": null, "conditions": [], "min_value": 32, "max_value": 128, "step": 32, "sampling": "linear"}}, {"class_name": "Int", "config": {"name": "filters_2", "default": null, "conditions": [], "min_value": 32, "max_value": 128, "step": 32, "sampling": "linear"}}, {"class_name": "Int", "config": {"name": "filters_3", "default": null, "conditions": [], "min_value": 32, "max_value": 128, "step": 32, "sampling": "linear"}}, {"class_name": "Int", "config": {"name": "units_1", "default": null, "conditions": [], "min_value": 64, "max_value": 256, "step": 64, "sampling": "linear"}}, {"class_name": "Int", "config": {"name": "units_2", "default": null, "conditions": [], "min_value": 32, "max_value": 128, "step": 32, "sampling": "linear"}}, {"class_name": "Choice", "config": {"name": "learning_rate", "default": 0.01, "conditions": [], "values": [0.01, 0.001, 0.0001], "ordered": true}}], "values": {"filters_1": 128, "filters_2": 128, "filters_3": 128, "units_1": 64, "units_2": 96, "learning_rate": 0.0001}}, "metrics": {"metrics": {"accuracy": {"direction": "max", "observations": [{"value": [0.5242673953374227], "step": 0}]}, "loss": {"direction": "min", "observations": [{"value": [2.407965103785197], "step": 0}]}, "val_accuracy": {"direction": "max", "observations": [{"value": [0.5970696012179056], "step": 0}]}, "val_loss": {"direction": "min", "observations": [{"value": [2.2993332544962564], "step": 0}]}}}, "score": 0.5970696012179056, "best_step": 0, "status": "COMPLETED", "message": null}