{"trial_id": "3", "hyperparameters": {"space": [{"class_name": "Int", "config": {"name": "filters_1", "default": null, "conditions": [], "min_value": 32, "max_value": 128, "step": 32, "sampling": "linear"}}, {"class_name": "Int", "config": {"name": "filters_2", "default": null, "conditions": [], "min_value": 32, "max_value": 128, "step": 32, "sampling": "linear"}}, {"class_name": "Int", "config": {"name": "filters_3", "default": null, "conditions": [], "min_value": 32, "max_value": 128, "step": 32, "sampling": "linear"}}, {"class_name": "Int", "config": {"name": "units_1", "default": null, "conditions": [], "min_value": 64, "max_value": 256, "step": 64, "sampling": "linear"}}, {"class_name": "Int", "config": {"name": "units_2", "default": null, "conditions": [], "min_value": 32, "max_value": 128, "step": 32, "sampling": "linear"}}, {"class_name": "Choice", "config": {"name": "learning_rate", "default": 0.01, "conditions": [], "values": [0.01, 0.001, 0.0001], "ordered": true}}], "values": {"filters_1": 32, "filters_2": 128, "filters_3": 64, "units_1": 64, "units_2": 64, "learning_rate": 0.01}}, "metrics": {"metrics": {"accuracy": {"direction": "max", "observations": [{"value": [0.5714285771052042], "step": 0}]}, "loss": {"direction": "min", "observations": [{"value": [1.4388176202774048], "step": 0}]}, "val_accuracy": {"direction": "max", "observations": [{"value": [0.598901093006134], "step": 0}]}, "val_loss": {"direction": "min", "observations": [{"value": [2.681495507558187], "step": 0}]}}}, "score": 0.598901093006134, "best_step": 0, "status": "COMPLETED", "message": null}